# Xlam,PX1,Ylam,PY1,experiment_type,PX,PY
1.0009240206508772,0.0014670586643366,1.000805674876024,0.0193296189539698,0,0.0007335293321683,0.0096648094769849
1.0081103159440463,0.0040982393573677,1.0049449465141174,0.0397730961343226,0,0.00204911967868385,0.0198865480671613
1.015075714518392,0.0061234822819254,1.0083288622609845,0.0537468068609982,0,0.0030617411409627,0.0268734034304991
1.021883283463122,0.0077675068606057,1.0111383153831766,0.0677279308087198,0,0.00388375343030285,0.035086913330376356
1.0285960898674444,0.0093977346493392,1.0135541991472448,0.0832236806191591,0,0.0046988673246696,0.0468548107594231
1.0352772008205693,0.0113341891313989,1.015757406819742,0.1026363969594491,0,0.0058798312087466505,0.06096937519722915
1.0418974751913856,0.0139767528771925,1.0178671248694269,0.1239457527558468,0,0.00789006816936845,0.07676883770938545
1.0488505248813362,0.0166026577702874,1.0205300244877262,0.1472264460879903,0,0.00966111452815475,0.09245201829119129
1.056083436291308,0.0198590664996869,1.0233922788910066,0.1742439569773849,0,0.011862224811677601,0.11058648052722195
1.063333099539402,0.0239239807905652,1.0264976160718076,0.2056417305769697,0,0.0147105144342932,0.13355897773263445
1.0702420556245815,0.0284316515071085,1.029491019260823,0.2387861280307963,0,0.0180006907970723,0.1591470068174312
1.077425032379267,0.0334632096530624,1.0328068403631572,0.2762715975689168,0,0.021490825395597348,0.18975148038245085
1.0842369064109136,0.0401659573116771,1.0366216125456216,0.3164646305764709,0,0.0264614360266673,0.2227800161223866
1.091377549893928,0.0475805225857604,1.0407407125994053,0.3600346318734124,0,0.0325007696326124,0.26057273588166197
1.0978288225784256,0.0560161531375077,1.0449704438476624,0.4074951310857647,0,0.03931665961515255,0.3033413023560836
1.1043518118034483,0.0663630854361197,1.0496383347520055,0.4589714498202647,0,0.0479675819582963,0.35307147270038336
1.1116942258110822,0.0781269222400179,1.0550364830934278,0.5115981286913709,0,0.058663028213241444,0.4076579683121519
1.118357047279156,0.0913343288135797,1.0602174302209575,0.5702882353029074,0,0.07151281527626495,0.47091388970841797
1.1237303336313007,0.1063535700835848,1.0644318141524942,0.6305319610504028,0,0.0878271548389573,0.5435747812566454
1.1264869542973552,0.122043911613362,1.0666115583969669,0.6864570866876446,0,0.10733181454424635,0.6258142590224076
1.127191114857829,0.1244509887618443,1.0668643750471696,0.691200794781057,0,0.1244509887618443,0.691200794781057
1.0074968253631682,0.0,1.008528503490073,0.0,1,0.0,0.0
1.0079389661044518,0.0,1.007613535236211,0.0,2,0.0,0.0
1.0099451809799844,0.0,1.007687472443799,0.0019067179544585,2,0.0,0.00095335897722925
1.0141958844849337,0.0023091535905676,1.0086352453494265,0.0184838208809017,2,0.0011545767952838,0.00924191044045085
1.020270226876906,0.0042838173990538,1.010396754854288,0.0309666901080775,2,0.0021419086995269,0.01548334505403875
1.027316063234209,0.0058944331350048,1.0125840221980291,0.0411554375207617,2,0.0029472165675024,0.021810442997214602
1.0343177875195022,0.0077684760710783,1.0142761953224473,0.0493659749332932,2,0.00388423803553915,0.029694148268996398
1.041175577044176,0.0091245329703633,1.016276245769511,0.0603054683488011,2,0.00499650958238105,0.0393215709775645
1.048702791392318,0.0106161356192547,1.017956533740584,0.070923010663749,2,0.0061480207581798,0.0488759749177468
1.0561270820273674,0.0128513628124705,1.01973281622672,0.0846940809118113,2,0.0077432950140392505,0.0591869304608619
1.0638956530587174,0.0152827420810496,1.0215637007783571,0.1000824000046723,2,0.00980854406005705,0.0702375204264937
1.0721655242496169,0.0180147256958177,1.0234963825977403,0.1190799809888855,2,0.0120033433963129,0.0844534256719704
1.0797650658237794,0.0211646999174211,1.0250487703383218,0.1399358964387963,2,0.01437856834098515,0.1014624352230917
1.0875591955405906,0.0252386886044424,1.0266950814736582,0.1606929672672559,2,0.0175697313840639,0.1200453666592436
1.0951143739439808,0.0295713669082272,1.0284722918024225,0.1796037342096109,2,0.0213772312992436,0.13894101806636722
1.102385439822108,0.0346971674150162,1.030367367619452,0.2031213526131204,2,0.0257110432951138,0.1628384284407897
1.1100912718950444,0.0407882307458489,1.0324573843832825,0.2334173638585124,2,0.03088591106577365,0.1897861909316716
1.1186032436246276,0.0478773849182272,1.0356063498868104,0.2660561875773371,2,0.0373194019273303,0.22024994149033886
1.1266033718680937,0.0560828093852564,1.038579767946839,0.3007003741676072,2,0.04552310481405345,0.25726425366723965
1.132763568520769,0.0662699578829308,1.0411865698671998,0.3393486312000182,2,0.05624358975734005,0.30156843422606927
1.136527985310615,0.0775703483063471,1.042829563513842,0.3806248533290897,2,0.06939759053595285,0.3532864410431992
1.1374744835137771,0.0815828761577553,1.0431997468513443,0.3977266403126215,2,0.0815828761577553,0.3977266403126215
1.0109447648974204,0.0,1.0097465433400543,0.0,3,0.0,0.0
1.0099666302017407,0.0,1.009913302099832,0.0,4,0.0,0.0
1.0106773465812666,0.0,1.0109818836471998,0.0078241241025855,4,0.0,0.00391206205129275
1.013097494754136,0.0003929841754341,1.0130343573388565,0.025636659513509,4,0.00019649208771705,0.0128183297567545
1.017192269865682,0.0023174587720498,1.015559688391458,0.0398608795201252,4,0.0011587293860249,0.0199304397600626
1.0216482415266226,0.0037904366892549,1.017856777016438,0.0518379476441823,4,0.00189521834462745,0.02840966667399935
1.0262728518944702,0.0049779561247622,1.0197348957796415,0.0661759525578448,4,0.0024889780623811,0.04022478948528975
1.031058127198211,0.0064094607137864,1.021481732835663,0.0842454344291342,4,0.0033883014744086003,0.05404002252207395
1.0361561915491595,0.0081003035914818,1.0231917599531926,0.1044105475030409,4,0.00478325474930165,0.06922019814228855
1.0413143371714682,0.0100158525717015,1.0251012217054996,0.1287109755971509,4,0.006162183516259001,0.0853725085468762
1.0464875536222065,0.0122674474288328,1.0273890755670614,0.1561961288100276,4,0.0077780339735795,0.1054051814467724
1.051765260329746,0.0146908795297684,1.0301520559060524,0.1881202277105355,4,0.0096290083021436,0.12987646854880594
1.057214156260743,0.0179237862870967,1.0334489644862592,0.2243359169516064,4,0.01203306436940795,0.1590014972418631
1.0627764674334366,0.0224194922242922,1.037315802028753,0.2642044156155848,4,0.015531443341118448,0.1919506422060019
1.0681574203361248,0.0273563949870406,1.0415313795238217,0.3085436340237062,4,0.01955220096871635,0.2294464857333302
1.0732597573020914,0.0327038848254773,1.045734245547709,0.3557644863519829,4,0.024110270692430852,0.27129478002883023
1.0785296888580955,0.039785489958986,1.0504819168669073,0.4081848452518138,4,0.03015589081459775,0.31991505052655567
1.0843147198220415,0.0474665448362918,1.0559632891158666,0.4618900121774327,4,0.03723590880167795,0.3732040148132574
1.0895242176893554,0.0565171514093034,1.0610342244534936,0.5173202296134813,4,0.0459817310423114,0.4325806742014103
1.0934056720410614,0.0665525284017375,1.065006454661873,0.5747733958721796,4,0.056494489761182,0.5004643178096515
1.095759712795235,0.0779095369189478,1.0674749248591466,0.6326815628030228,4,0.0697968622136032,0.5796698744128125
1.0963043499918192,0.0815754134123802,1.0678598612951724,0.6431319113814703,4,0.0815754134123802,0.6431319113814703
1.0095700408664872,0.0,1.0128960659957615,0.0,5,0.0,0.0
1.0097511121951586,0.0,1.010974878191781,0.0,5,0.0,0.0
1.0117904647313236,0.0,1.0098437896336636,0.0,5,0.0,0.0
1.015281182755783,0.0,1.0094286535639687,0.0,6,0.0,0.0
1.020391063119893,0.0015503126170869,1.009755195979957,0.004263626693062,6,0.00077515630854345,0.002131813346531
1.0271795930180083,0.0037727700679816,1.0106347379683385,0.0121630063736163,6,0.0018863850339908,0.00608150318680815
1.0340746496506232,0.0054040354201867,1.0119006792461542,0.0218290884767283,6,0.00270201771009335,0.01091454423836415
1.0406721479206644,0.0070960928780946,1.01316733473196,0.028746699945991,6,0.0035480464390473,0.01590236364548515
1.047184697732294,0.0086376230111339,1.0147972146565898,0.0341034670220651,6,0.00465157318362305,0.0213349672362269
1.0546393474262328,0.0100581437990154,1.0162483340109512,0.0415909324480089,6,0.005882485381312299,0.027928406240017148
1.0619258751821097,0.0117192860178805,1.0175073624507442,0.0455714336975302,6,0.00710423369330875,0.03214014122284075
1.0689068892938522,0.0135734438936312,1.0185127402315608,0.0524053135279251,6,0.0086369114388882,0.03946860912936855
1.075877441739065,0.0156060205942242,1.0193381017577237,0.0597457131184819,6,0.010350815754635749,0.04551236727555935
1.082930067124017,0.0178935514772172,1.01994159454007,0.0649023652001225,6,0.01227331201599385,0.05065978709156835
1.0901339523415612,0.0209186484001659,1.0204366028123322,0.073199569327626,6,0.014790613633244649,0.05739166146913565
1.0981177834509286,0.023737394754965,1.02092806151146,0.0828634953216278,6,0.0172691222946163,0.0655456984826864
1.1050502648007234,0.0272084974026225,1.0212240985308243,0.0957250533219618,6,0.0203943252029996,0.07731355459562994
1.1125162019671346,0.03137118725062,1.0217485523147949,0.1078164621772268,6,0.02398966714625865,0.0895242530261437
1.1213084912635427,0.0359644484129233,1.0225222953098378,0.1225461691012157,6,0.028260569820633102,0.10471998598287299
1.1294443269336838,0.040832469157313,1.0233296592959655,0.1377271114909062,6,0.0334011828117756,0.1225501486013121
1.135987432405115,0.046660911853411,1.023955791105566,0.152584028484446,6,0.0398334960959936,0.14002926652709008
1.138981339655407,0.0537603505231734,1.0241005840569597,0.1718859365904583,6,0.048269299982651795,0.16398840351848895
1.0131753698687849,0.0,1.0096347050910195,0.0,7,0.0,0.0
1.0112048068188355,0.0,1.010368088475619,0.0,7,0.0,0.0
1.0102916305233207,0.0,1.0118075084243623,0.0071874275255357,8,0.0,0.00359371376276785
1.010581206664196,0.0,1.0136564844290503,0.0254050482550609,8,0.0,0.01270252412753045
1.012700504436497,0.0003923304403414,1.0158731896482436,0.0401818194225118,8,0.0001961652201707,0.0200909097112559
1.0153936385997944,0.0014908963345686,1.0181992226056045,0.0515619842963135,8,0.0007454481672843,0.02726660131097105
1.0181567040014206,0.0024036892934306,1.020327679162372,0.0652779064555351,8,0.0012018446467153,0.0395423458173657
1.0211293286510266,0.0036705946030026,1.0220443566540074,0.0819509671777389,8,0.0020412352478842498,0.051967278587101505
1.0240086309592704,0.0048760006162285,1.0237175317533524,0.1029427699159634,8,0.00291556430921465,0.0675375108083158
1.0272408506751505,0.0061364500726795,1.0255289937651766,0.1270384939983853,8,0.0036921021370259002,0.0836225465853454
1.0305113971157889,0.0077680181936172,1.027703796063058,0.1544800484979639,8,0.0049200828235636,0.1027657131338047
1.0343345662774523,0.0097851712152559,1.0304726176522931,0.18431768729452,8,0.0065708199859741,0.1259474094951033
1.0376149373535892,0.0120706142020641,1.0334728885388993,0.2182904067275967,8,0.0084666609563166,0.15307855461631986
1.0408584548705788,0.0151150143374135,1.036784363040539,0.2558796831245624,8,0.010694449753348299,0.18433274841925365
1.0442326630996317,0.0182899480446771,1.0409031170099976,0.2956422688248905,8,0.013384118354960398,0.21881234151989443
1.047658211533625,0.0220348511207694,1.0452366045887225,0.3386884510521432,8,0.01656092914073425,0.25777273316198823
1.0511915344899874,0.0262045120009727,1.0501163097527806,0.3858314742181035,8,0.0200913764351868,0.302081066404413
1.0547212764698717,0.0310917305211062,1.05537707037577,0.4332809419711017,8,0.0247454848766098,0.3509570127749183
1.0581951739888582,0.0365309974054729,1.0604061761531591,0.4816535958680363,8,0.03030581187012905,0.4047651086370324
1.0609429849109888,0.0426703954203133,1.0645508987180237,0.5371759110238162,8,0.036765438552428,0.46923549717640045
1.0626740299371225,0.0500225649221794,1.0670794957440033,0.5938035260532264,8,0.0453711170523877,0.544169525008058
1.0633850252092525,0.0522488331153612,1.0678740154499418,0.6051641717887768,8,0.0522488331153612,0.6051641717887768
1.0080617479954168,0.0,1.0138432042498569,0.0,9,0.0,0.0
1.0094416362221657,0.0,1.011973491087835,0.0,9,0.0,0.0
1.012263977378502,0.0,1.0108805085680252,0.0,9,0.0,0.0
1.0165939963901311,0.0002515180045321,1.0101972079376589,0.0,10,0.00012575900226605,0.0
1.022386394559537,0.0027313192386407,1.0104756980274778,0.0,10,0.00136565961932035,0.0
1.0297061961370142,0.0048313795030833,1.0109965450611138,0.001894504890427,10,0.00241568975154165,0.0009472524452135
1.036916496823728,0.0060759847093344,1.011703764396651,0.0089090911917522,10,0.0030379923546672,0.0044545455958761
1.0439784815125197,0.0076325587615801,1.0119979116009197,0.0117913475164887,10,0.00381627938079005,0.0067363134370983496
1.050979836429149,0.0093957957276393,1.0127212766938032,0.0186742353007418,10,0.00489764723483395,0.0121232992665336
1.0582769531095213,0.010809392331687,1.0133153714256955,0.0226092828575344,10,0.0060590625223256,0.01580973019162235
1.065638109908179,0.0122768453402485,1.013925171104607,0.0264048955615606,10,0.0071675191330609,0.01962854855439305
1.0727621821464608,0.0141802888290859,1.0144209940674975,0.0326630587524362,10,0.0089142718845782,0.0254989113861726
1.079951536645634,0.0160464617811292,1.015189543205843,0.0354067189831562,10,0.010547596527363201,0.028323600567214
1.0873367933091902,0.0183718104004739,1.0156777545284688,0.0396674493635692,10,0.0123651083409749,0.032724015251598404
1.094830481609535,0.0208122595862245,1.0164269799519534,0.0446456164771731,10,0.014516196497735799,0.037848358260096596
1.1029314523155138,0.0231579434731412,1.0169479580858247,0.047256572015155,10,0.0167905189774032,0.040024727944685895
1.1104657909570017,0.025723844948983,1.0175150147195289,0.0525855344897986,10,0.019198820032651998,0.04448013071517265
1.1181807098750611,0.0288448923316471,1.0178024338822422,0.0579015255017806,10,0.0221342427658983,0.0496296742479804
1.1271794525455712,0.0324961987448861,1.0182187703465733,0.0621203983048233,10,0.02554082628894825,0.0536793432383436
1.1351396654393764,0.0360230125641698,1.0183358352396188,0.0675390680248028,10,0.02943976316119995,0.0604390562853552
1.141446374938882,0.0400275687783698,1.0184639851838106,0.0708591427844153,10,0.0340857214464101,0.06609355180527104
1.144815826232692,0.0452149917921672,1.0185008746841366,0.0785393921376188,10,0.040401808458316146,0.07494953817185225
1.1454849678088843,0.046214829666261,1.018550832646281,0.0843288047050276,10,0.046214829666261,0.0843288047050276
1.0153830395925283,0.0,1.0094799182282097,0.0,11,0.0,0.0063805081248436
1.0105273897630762,0.0,1.009892827494225,0.0,11,0.0,0.0
1.0072574054571346,0.0,1.0108553567943763,0.0,11,0.0,0.0
1.0058394346766126,0.0,1.0123019327233238,0.0127610162496872,11,0.0,0.0
1.0058037843521328,0.0,1.0141456119634649,0.0315857961897497,12,0.0,0.01579289809487485
1.006822281976413,0.0,1.01639451442148,0.0440223199500902,12,0.0,0.0239643143595301
1.0083859539708584,0.0001256251756068,1.0188567212629247,0.0564749441952547,12,6.28125878034e-05,0.0346814856441812
1.010082431861428,0.000808692968877,1.0211184095784305,0.0704838744185761,12,0.0004043464844385,0.04667866639945735
1.0117485579822765,0.0019519513337758,1.0229060591353227,0.0902048371106719,12,0.0012849760119644999,0.06119588861058125
1.0132027705403277,0.003186744754958,1.0246529308763357,0.1104241463886676,12,0.0021721382514833,0.07519822344449176
1.0148051321213138,0.0041421854783886,1.0268148380486306,0.1339347131916697,12,0.00306795599203645,0.0925297625216182
1.0166116593774968,0.0057037111309332,1.02924735868019,0.1611184741012869,12,0.0042564026580914505,0.11450003677449115
1.0185248738133112,0.0075256879713639,1.0317482846679056,0.1898566173686947,12,0.0056097832050213,0.1396795309151295
1.020707183753899,0.0090013343818594,1.034645777009158,0.2229501284508643,12,0.00684206499428255,0.16884531474516418
1.022831244966529,0.0114059895752185,1.037887551255516,0.2597035524556926,12,0.0089516708649197,0.20164904974679995
1.0251590667050108,0.0136577704626731,1.0416373341128995,0.2993011153017934,12,0.011062105637380651,0.23911179746106354
1.0275679309484274,0.0165068093393159,1.0460759309951573,0.3417778389338515,12,0.01377859446604525,0.2809714097840051
1.0296527157710456,0.0198732945645081,1.050615176343566,0.3865032624570253,12,0.0171420988244635,0.3281125985986906
1.0318878004882743,0.0234727861496202,1.0560740547674417,0.4329776565412713,12,0.020956666688723452,0.38079575921374975
1.0338273620013383,0.0276655082800928,1.0615432744830475,0.484078914506908,12,0.0259382542856363,0.4430743849201749
1.0356194134383547,0.0327296294943051,1.0660881008798606,0.537167511717134,12,0.03200636713311085,0.5163430087031963
1.0367422840944398,0.037448431733267,1.0689160343084363,0.5898155546609074,12,0.03482936274003025,0.5505059395095544
