Xlam,PX,Ylam,PY,file,lambda_x,lambda_y,cycle_number,stress_x_mpa,stress_y_mpa
1.0,-0.0025893862865831,1.0,-0.0022380067195591,csv_0.csv,1.0,1.0,0,-0.00129469314329155,-0.00111900335977955
1.004,0.0014116278135961,1.0,-0.0022753162757985,csv_1.csv,1.0041862669563266,0.9986500685187588,0,-0.0033245528432295506,-0.0023128251543811
1.008,0.0045251300868691,1.0,-0.0025856391706251,csv_2.csv,1.0084473752254268,0.9969783739460688,0,-0.0007228274493792501,-0.0026457065412434
1.012,0.009748758054311,1.0,-0.0022690518987066,csv_3.csv,1.0127638406385524,0.9952215836199008,0,0.00340417504191005,-0.0022692894302464997
1.016,0.0133685197500122,1.0,-0.0022988914880407,csv_4.csv,1.015641316874731,0.9940787492569064,0,0.0072654467692505,-0.00238690230320105
1.02,0.0158931495979415,1.0,-0.002516791501351,csv_5.csv,1.0197849902025684,0.9934717608505717,0,0.010847274050216101,-0.00237089871915605
1.024,0.0209297011073558,1.0,-0.0021716407935464,csv_6.csv,1.0240160862199643,0.991034349659927,0,0.01479507661056805,-0.00219921183252925
1.028,0.023712650336912,1.0,-0.0023858015472845,csv_7.csv,1.0284750679293404,0.9898133685624798,0,0.01759850739311985,-0.00246215538487675
1.032,0.0284114318218533,1.0,-0.002402903818156,csv_8.csv,1.0313041167176618,0.9886817968183498,0,0.02243636202503005,-0.0023425240455905
1.036,0.0313183218406257,1.0,-0.002123983855813,csv_9.csv,1.035480312150144,0.9871060209179504,0,0.025238940167179348,-0.00213508604136405
1.04,0.0349035325602298,1.0,-0.0020911134633463,csv_10.csv,1.0397565470444528,0.985446053076252,0,0.02809943078916735,-0.00231223711898355
1.044,0.0377490461734118,1.0,-0.0022252980924788,csv_11.csv,1.0441686813034468,0.9839562014040304,0,0.03161136318658835,-0.0021988209124455997
1.048,0.0406344197701236,1.0,-0.0020813556345825,csv_12.csv,1.0481618465183256,0.9826180696376496,0,0.034922265350527004,-0.00221699386845785
1.052,0.0439962094528352,1.0,-0.0024922940266955,csv_13.csv,1.051048940409409,0.9814596392898546,0,0.0390935882770385,-0.00251552242878905
1.056,0.0480989174243594,1.0,-0.0020118651066874,csv_14.csv,1.0556493255510973,0.9799375925189102,0,0.041716534943127145,-0.0021368530442827
1.06,0.0496109826143417,1.0,-0.0020340810646939,csv_15.csv,1.0599330268335114,0.9786476460144596,0,0.044213270801632454,-0.0022695186854261003
1.064,0.0536331758224989,1.0,-0.0022605200747782,csv_16.csv,1.0642350341105251,0.9769852590538518,0,0.04765345702068125,-0.00211081920128155
1.068,0.0563122507613964,1.0,-0.002028557973604,csv_17.csv,1.0672463892473734,0.9759289609581058,0,0.05088644332085075,-0.0022392314982670504
1.072,0.0597722663050385,1.0,-0.0023905985256997,csv_18.csv,1.0718187596731483,0.9742515370583936,0,0.0537051315045398,-0.00243762204599335
1.076,0.0633754250326438,1.0,-0.002563834333152,csv_19.csv,1.076016061900607,0.972851729576138,0,0.05715085402273695,-0.0024467001710063
1.08,0.0652979727370708,1.0,-0.0021714520925321,csv_20.csv,1.0803890497175117,0.971311608349058,0,0.060164819258345756,-0.0023332339691216
1.084,0.0690596295546288,1.0,-0.0026869937468839,csv_21.csv,1.0834291747165037,0.9702964064076391,0,0.0632243688028811,-0.0026005195759479
1.088,0.0716721611213557,1.0,-0.002007894660785,csv_22.csv,1.0877390189522709,0.9688322413487904,0,0.06601501683108871,-0.0020533153259721
1.092,0.0749642880672101,1.0,-0.0022886414917193,csv_23.csv,1.0920442601908935,0.967476255104389,0,0.06936393824506565,-0.0023643059085006503
1.096,0.0764593362887652,1.0,-0.0027121872634385,csv_24.csv,1.096530724906353,0.9658078126458136,0,0.07153407896626854,-0.00243971251665935
1.1,0.0804120523999336,1.0,-0.0021695319769484,csv_25.csv,1.101038906104734,0.9643201489937292,0,0.0750022533528513,-0.00207214597674765
1.104,0.0840741648157222,1.0,-0.0022862016207103,csv_26.csv,1.104070593720984,0.963315911614876,0,0.07845152380323289,-0.0023366227708158
1.108,0.0869945210451465,1.0,-0.0024878937618161,csv_27.csv,1.1084747078641717,0.961856749924804,0,0.08132171892503215,-0.0022941781008643
1.112,0.0899609612299826,1.0,-0.0024837688238552,csv_28.csv,1.113087145868263,0.9602376578893802,0,0.08373307492334175,-0.00267438885018565
1.116,0.0926642790374263,1.0,-0.002601839379533,csv_29.csv,1.117417520551887,0.9588281668496176,0,0.08720154769526844,-0.00257742770314565
1.12,0.0948783712565733,1.0,-0.0024224818242643,csv_30.csv,1.12017235210863,0.9579699849070074,0,0.08969827604326484,-0.00235393369792575
1.124,0.0979806578365911,1.0,-0.00252321064638,csv_31.csv,1.1248327056567424,0.9564393318612378,0,0.09294226958712751,-0.00258391671621775
1.128,0.1009335548610001,1.0,-0.0027947613375345,csv_32.csv,1.1292954353146405,0.9550802285960474,0,0.0951740304760509,-0.00248126369221285
1.132,0.1026869875147164,1.0,-0.0022681285327786,csv_33.csv,1.1334754630623054,0.9537638013911623,0,0.0984806082997999,-0.0022255734193972502
1.136,0.1052896779430757,1.0,-0.0024132972713889,csv_34.csv,1.1380486714630005,0.9521842042471071,0,0.10061804839711866,-0.0022524515890858
1.14,0.1075008371108615,1.0,-0.0026116959728627,csv_35.csv,1.1411550387126432,0.9511827582944492,0,0.10289210109328785,-0.0023948740934175497
1.144,0.1085714894026334,1.0,-0.0021879508634736,csv_36.csv,1.1454416766028293,0.9498827726624888,0,0.10507662267506054,-0.0023135662658576002
1.148,0.1118545958320375,1.0,-0.0024183110904432,csv_37.csv,1.1497636291054316,0.9483844514108494,0,0.1082140757231644,-0.0024133807623081
1.152,0.1160092944447963,1.0,-0.0023823834104911,csv_38.csv,1.15434062649908,0.9469321182247952,0,0.11117660164069709,-0.0023523176006428
1.156,0.1166308267386176,1.0,-0.0021220877416741,csv_39.csv,1.157389386982134,0.945999404241024,0,0.1135789692005475,-0.00228731106680515
1.16,0.119586882920234,1.0,-0.0023515120349094,csv_40.csv,1.161654242868153,0.9447124688917062,0,0.11603543734032484,-0.0023002901929271
1.164,0.121107882189933,1.0,-0.002281008692731,csv_41.csv,1.1661841559832102,0.9436228123307748,0,0.1177274132128294,-0.0023213834308302
1.168,0.1227055908985015,1.0,-0.0024310175104942,csv_42.csv,1.170699732505489,0.9419582360654928,0,0.12049124253147289,-0.0023852646873814
1.172,0.1255378781102625,1.0,-0.0024976896618372,csv_43.csv,1.1747790554605575,0.940779571843209,0,0.12269477550219302,-0.0023518022592764
1.176,0.1277060671532641,1.0,-0.0022639693858619,csv_44.csv,1.1778074649607846,0.939793044322924,0,0.125292315302623,-0.00222115991234145
1.18,0.1302662970520176,1.0,-0.002762318005258,csv_45.csv,1.1823274563657042,0.9384558943304828,0,0.12835113221047523,-0.00277949517718995
1.184,0.1327496537289766,1.0,-0.0024287061989482,csv_46.csv,1.1865085902925605,0.937167354860347,0,0.1305489134816886,-0.002322557740246
1.188,0.133332460257872,1.0,-0.0024366603329294,csv_47.csv,1.190811137755634,0.9358550688162705,0,0.1324469351582085,-0.00242016251223665
1.192,0.1362922669504472,1.0,-0.0026592640776624,csv_48.csv,1.1952933833298154,0.934528963181746,0,0.13547919375346365,-0.0025597576739593
1.196,0.1396076988735815,1.0,-0.0022890177902331,csv_49.csv,1.1982189415971722,0.933659012131158,0,0.13754503182147534,-0.0023557498072487
1.2,0.1406314268235275,1.0,-0.0025598600249481,csv_50.csv,1.200556416606465,0.932945683369828,0,0.1406314268235275,-0.0025598600249481
1.0,-0.010238046361945,1.0,-0.002747872997792,csv_100.csv,0.9987349506850732,1.0003783976296097,1,-0.0051190231809725,-0.001373936498896
1.00296,-0.0070040159692784,1.0,-0.0022236676495047,csv_101.csv,1.0018256247969952,0.9990983079363058,1,-0.007709774535484749,-0.00239948650899865
1.006,-0.0034324374821014,1.0,-0.0024056112914805,csv_102.csv,1.005080048835321,0.997850955883832,1,-0.00416914356130415,-0.002299331652468
1.00896,-0.0012687088907925,1.0,-0.0023187635808174,csv_103.csv,1.0080796169879105,0.9965756320246796,1,-0.00251196664345305,-0.0024306718345134
1.012,0.0016996903509903,1.0,-0.0021489922577762,csv_104.csv,1.010216464972145,0.9956956447154413,1,0.00054802312231295,-0.0021224312106255
1.01496,0.0060742537088069,1.0,-0.002650279536827,csv_105.csv,1.013423929881778,0.9945710475907156,1,0.00343230110707185,-0.0025927065539093
1.018,0.0087018653232509,1.0,-0.001994060724586,csv_106.csv,1.016550335831342,0.993351986577472,1,0.0058486190482457,-0.0019961070546638997
1.02096,0.0109402641843878,1.0,-0.0025613472868894,csv_107.csv,1.019689875928647,0.9921815925462794,1,0.0092530858141321,-0.00263509779535725
1.024,0.014186863216014,1.0,-0.0022499837163912,csv_108.csv,1.022992891292377,0.9910086050285792,1,0.011765760158342749,-0.0022905740218434
1.02696,0.0167426134909497,1.0,-0.0021823393685947,csv_109.csv,1.0250841282059284,0.9902282016201156,1,0.01463899400568075,-0.0021794117440868998
1.03,0.0196254709354245,1.0,-0.0018988348544169,csv_110.csv,1.0284376994777706,0.9890577925095786,1,0.01676794103509355,-0.00199638814320235
1.03296,0.0222799087699415,1.0,-0.0025222373464117,csv_111.csv,1.0316101425752462,0.9882039097252752,1,0.020228768504274103,-0.00260320290988825
1.036,0.0253078428932437,1.0,-0.0017414808305743,csv_112.csv,1.0349506449184729,0.9869056098647238,1,0.022402004345713898,-0.0021073308533651
1.03896,0.0273068320299604,1.0,-0.0026351826280501,csv_113.csv,1.0369145508829916,0.9861858125565232,1,0.024464801770298597,-0.0024290071825835502
1.042,0.0293323398511762,1.0,-0.0020527630168631,csv_114.csv,1.04010435914513,0.9850160658322482,1,0.0268356711919609,-0.00218237992276
1.04496,0.0323282175414346,1.0,-0.0024586600020541,csv_115.csv,1.0434198938972927,0.9838498662441348,1,0.03029959009200555,-0.0022483982416413003
1.048,0.0356338070085681,1.0,-0.0012778038155194,csv_116.csv,1.04663064543803,0.9826648630652144,1,0.03224511257484855,-0.0018316288778362
1.05096,0.0374216696796597,1.0,-0.0023589778636345,csv_117.csv,1.0498348623986984,0.9815674184032894,1,0.0346026494524204,-0.00217590091205835
1.054,0.0398138110292341,1.0,-0.0026653394778614,csv_118.csv,1.0522071991487914,0.9806421172090274,1,0.037439236628158054,-0.0025810366100434
1.05696,0.0431589985344297,1.0,-0.0021494866323632,csv_119.csv,1.055476900114444,0.9795842778037762,1,0.0398981556250747,-0.0021783457488835003
1.06,0.0450469096166057,1.0,-0.0023667824713735,csv_120.csv,1.058844285582841,0.9784811998401464,1,0.0424909176877528,-0.0024818197410106
1.06296,0.0475075736868479,1.0,-0.002065476333881,csv_121.csv,1.0622394177579058,0.977348744483442,1,0.04501099159612965,-0.0021400651952017498
1.066,0.0508061312094602,1.0,-0.0023991844218486,csv_122.csv,1.064290475288892,0.9765731159184504,1,0.04772364364847345,-0.0023669562749392
1.06896,0.0531088126478327,1.0,-0.0021886117461681,csv_123.csv,1.0676217867174218,0.975439604974873,1,0.04965142393761095,-0.0023760376491899
1.072,0.0549457513556616,1.0,-0.0030342706516431,csv_124.csv,1.0709695999809163,0.9744044565778284,1,0.0523265549370052,-0.0027000906732005
1.07496,0.0569545328783199,1.0,-0.0017718694184733,csv_125.csv,1.0742111630350524,0.9731085377095956,1,0.054206190624269304,-0.0020176628349991
1.078,0.0594704866796432,1.0,-0.002549632650678,csv_126.csv,1.0774868545602154,0.9720230277951216,1,0.05636521724173175,-0.00248363943675625
1.08096,0.0620279290590524,1.0,-0.0023733908691741,csv_127.csv,1.0797388093566278,0.9712630824706034,1,0.0591957956150784,-0.00229665825015995
1.084,0.0640708689031334,1.0,-0.0027014906195409,csv_128.csv,1.0830079155396533,0.9700394391602216,1,0.0609215878832068,-0.0024784040871252
1.08696,0.0663669832579551,1.0,-0.002537032719796,csv_129.csv,1.0861886101668516,0.9689682567617988,1,0.06351793891502125,-0.0025501284046585
1.09,0.0685589134148046,1.0,-0.0029788858310958,csv_130.csv,1.0895464011863238,0.9679005142842888,1,0.06612168506033006,-0.0026764911437856
1.09296,0.0714955766719225,1.0,-0.00189450907678,csv_131.csv,1.0918119038298453,0.9670242893887384,1,0.0684516541246191,-0.00220670635263655
1.096,0.0733607058771737,1.0,-0.0028188620986542,csv_132.csv,1.0951606213325231,0.9660447629288144,1,0.07034194972748165,-0.0024864956086871
1.09896,0.0751699484635331,1.0,-0.0020088409246431,csv_133.csv,1.098552700815599,0.9648943880431888,1,0.07235059803742985,-0.0021978674757419502
1.102,0.0776036210825071,1.0,-0.0022408879964494,csv_134.csv,1.101959929141422,0.9638143836295688,1,0.0744326844984605,-0.00238337105615055
1.10496,0.0805488597596019,1.0,-0.0027515421841804,csv_135.csv,1.1041479484133725,0.9629145836245602,1,0.07732593846366985,-0.00278739206634595
1.108,0.0821721750870126,1.0,-0.0021739388629159,csv_136.csv,1.107433987135504,0.9618704229724204,1,0.0797519391637083,-0.00216128596332805
1.11096,0.0835614362830871,1.0,-0.0029074980548939,csv_137.csv,1.1107511445375775,0.960779373524578,1,0.08100851657693531,-0.00288435114429585
1.114,0.0872441181819225,1.0,-0.001881972046236,csv_138.csv,1.1141156158740595,0.9596660796661144,1,0.0849616397489006,-0.0020614029852325
1.11696,0.0888419043673195,1.0,-0.00239832368038,csv_139.csv,1.1175262730091762,0.958582592511722,1,0.08595473233314019,-0.0024816728356156998
1.12,0.0905577615498377,1.0,-0.0024467872873615,csv_140.csv,1.1199170064489947,0.9577951089042412,1,0.0877911248820342,-0.0023716288320715997
1.12296,0.0920745679892696,1.0,-0.0025413364271388,csv_141.csv,1.1230910338822273,0.9568334169538514,1,0.09000150289608305,-0.0024744008116604
1.126,0.0947417832974625,1.0,-0.0024085929882088,csv_142.csv,1.1263847587408762,0.9557568442249128,1,0.0929019998196925,-0.0023116031497865
1.12896,0.0963605546352398,1.0,-0.0022532550857291,csv_143.csv,1.129644638724554,0.9546765116259406,1,0.0945070580223682,-0.0022598246459428
1.132,0.0977155468872696,1.0,-0.0021681705156832,csv_144.csv,1.1328803526082964,0.9535894514962462,1,0.09689195897785921,-0.00221973320576945
1.13496,0.1009813317114652,1.0,-0.0027342776966475,csv_145.csv,1.1350156893834715,0.9530294677815032,1,0.09966410203453879,-0.0022041106101757498
1.138,0.1029327811716814,1.0,-0.0019333290687695,csv_146.csv,1.1383501773444706,0.951859596619428,1,0.1008653314773001,-0.00205040011600475
1.14096,0.102335486212347,1.0,-0.0020268156465002,csv_147.csv,1.1416850510643708,0.950802148654617,1,0.10201174941660696,-0.0021342152916302
1.144,0.1069126367189598,1.0,-0.0021961973062385,csv_148.csv,1.1450581692343325,0.9496968082033208,1,0.10497679330560865,-0.0022028617074103
1.14696,0.1084901239753138,1.0,-0.0019295556002416,csv_149.csv,1.1474187028327405,0.9489220016643428,1,0.1081432565251578,-0.0020395624981038
1.15,0.1086284491019513,1.0,-0.0023735348778428,csv_150.csv,1.149431173302789,0.9481460279830336,1,0.1086284491019513,-0.0023735348778428
1.0,-0.0097668544278035,1.0,-0.0025103375956088,csv_200.csv,0.9985615517765648,0.9998964629701086,2,-0.00488342721390175,-0.0012551687978044
1.002,-0.0088393387318291,1.0,-0.0023931920611311,csv_201.csv,1.0010171291442262,0.9989694052795448,2,-0.00850013964299915,-0.00261338476417675
1.004,-0.0049665155783102,1.0,-0.002089787038673,csv_202.csv,1.0033349233696462,0.9981149134221732,2,-0.004972154784606501,-0.00224821864462335
1.006,-0.0026205548984197,1.0,-0.0025150534656933,csv_203.csv,1.0046569867599064,0.9975373706806052,2,-0.0034529489453691995,-0.00233311009959615
1.008,-0.0005653225912846,1.0,-0.0024325238080642,csv_204.csv,1.0066631776918202,0.9967781109347992,2,-0.00145985055111445,-0.00261382051454525
1.01,-1.2411050036426312e-05,1.0,-0.0024418589906966,csv_205.csv,1.008673754088852,0.9958874330840264,2,-0.0005962727395472632,-0.00252673016858675
1.012,0.0013759257531911,1.0,-0.0022818628767757,csv_206.csv,1.0110321294866784,0.9951913726210792,2,0.0011017721511825,-0.002223375907805
1.014,0.005330706478361,1.0,-0.0025321524260207,csv_207.csv,1.0128978292116495,0.9943806617498256,2,0.00348722559024755,-0.0026095927799454502
1.016,0.0069644617937594,1.0,-0.0023603682921606,csv_208.csv,1.0144282458292309,0.9938165926988868,2,0.00548213842389235,-0.0024512926620163
1.018,0.0095195012495392,1.0,-0.0019991358193595,csv_209.csv,1.0162805053296715,0.9931898338563744,2,0.00824930082731715,-0.00214835154487815
1.02,0.0097473819182635,1.0,-0.0027177933940099,csv_210.csv,1.0186781200689552,0.9928149049922425,2,0.009119753199447599,-0.0026907804575882002
1.022,0.0120478642269317,1.0,-0.0024816213842427,csv_211.csv,1.0208207889348655,0.9920661286238956,2,0.011500361437944251,-0.0024044564633435503
1.024,0.0137512515929756,1.0,-0.0021876861732108,csv_212.csv,1.0227558317914132,0.99121624150864,2,0.01244844710009765,-0.00219773798135685
1.026,0.0168154896714995,1.0,-0.002526265726836,csv_213.csv,1.0241857991447518,0.9906258727723652,2,0.0145898921433339,-0.00251916874790055
1.028,0.0171592359122824,1.0,-0.0026270486211722,csv_214.csv,1.0264607401036514,0.9896736587707384,2,0.01642699344709185,-0.0025784004513566498
1.03,0.018101409486317,1.0,-0.0023660976301486,csv_215.csv,1.028704004274671,0.9888542659922848,2,0.0168607564308401,-0.00232694878464695
1.032,0.0214597612006497,1.0,-0.002222831737117,csv_216.csv,1.0305536397665327,0.9881141258328444,2,0.0190826777625557,-0.0023229367975466
1.034,0.0237401530298371,1.0,-0.0026162037078129,csv_217.csv,1.032079439929764,0.9875554218755548,2,0.0210609866471999,-0.0026967551007641
1.036,0.0238237594875948,1.0,-0.0020458031496295,csv_218.csv,1.0343584759360347,0.9867962287647616,2,0.02237160206930925,-0.0021403716009141
1.038,0.0245476476316487,1.0,-0.0024674312886731,csv_219.csv,1.0364865535751742,0.9860222466788846,2,0.023935825766987752,-0.0022643397529842502
1.04,0.0277657351904206,1.0,-0.0026576959832691,csv_220.csv,1.0384833713712491,0.9853185397546598,2,0.02656897881934935,-0.0025972084800807
1.042,0.0301843156394526,1.0,-0.0023428334435255,csv_221.csv,1.0406990050322429,0.9846116132805092,2,0.0284146305080547,-0.00240893121546535
1.044,0.0319180183181142,1.0,-0.0022481212287976,csv_222.csv,1.0420716637921954,0.9840744807353444,2,0.03040331865243935,-0.0021475302234070497
1.046,0.0325301110881478,1.0,-0.0028557239038026,csv_223.csv,1.044261079461878,0.9832494358518482,2,0.030904584508807953,-0.0027623662840262
1.048,0.0356058083585305,1.0,-0.0024831977549963,csv_224.csv,1.0463563143879573,0.9825805973395624,2,0.0332615098728413,-0.00248601999384995
1.05,0.0369644478190813,1.0,-0.0023280176551192,csv_225.csv,1.0485513698950846,0.9818865785182368,2,0.034986039321371995,-0.0022622349366271
1.052,0.0389706520220445,1.0,-0.0024276716539138,csv_226.csv,1.0498759673224694,0.981407083529489,2,0.0372343764157983,-0.0023181064378116
1.054,0.0396936001958997,1.0,-0.0025270497740327,csv_227.csv,1.0523728492885482,0.980467016534396,2,0.03835997351157695,-0.0025564187143458997
1.056,0.0427013945602418,1.0,-0.0023057553494951,csv_228.csv,1.0545543856578128,0.9797573832353124,2,0.04021831504685,-0.0022561633987296
1.058,0.0433709050388715,1.0,-0.0022712379613338,csv_229.csv,1.0565727905350903,0.9790624720390356,2,0.0409309789330332,-0.00246351546674855
1.06,0.0454281878466932,1.0,-0.0024953982135558,csv_230.csv,1.0590277476647554,0.9782552484710232,2,0.04320746951403095,-0.00245417973235875
1.062,0.0465140833970068,1.0,-0.0020606150757344,csv_231.csv,1.060431936896422,0.9777837768605088,2,0.0445398985283944,-0.0021137101339255
1.064,0.049069285185189,1.0,-0.0022124324904319,csv_232.csv,1.0627568599644448,0.976942641286232,2,0.04700067969230135,-0.0021876068793129
1.066,0.0502677178491361,1.0,-0.0023152372995831,csv_233.csv,1.06469555517312,0.97621633453619,2,0.0484255379919813,-0.0024266453852398
1.068,0.0509569896624892,1.0,-0.0021967573399504,csv_234.csv,1.0671602332248205,0.9754568300932308,2,0.0494111590692854,-0.0021758835317017998
1.07,0.0530684951820782,1.0,-0.0022563178907881,csv_235.csv,1.0683803594456287,0.9749099986249564,2,0.05134998165115745,-0.00227271529164285
1.072,0.0547849961601467,1.0,-0.0025106711329279,csv_236.csv,1.0707544328435925,0.9741691821165112,2,0.0531085663821995,-0.0024498295394591
1.074,0.0564951329701674,1.0,-0.0022446885010875,csv_237.csv,1.0727124513923112,0.9734220453331924,2,0.0544632170597993,-0.00227307641682945
1.076,0.0584188567939319,1.0,-0.0023654623919097,csv_238.csv,1.0751341552212303,0.9726754269624835,2,0.0558963772827383,-0.00226664755474045
1.078,0.0587339034038488,1.0,-0.0028746530432654,csv_239.csv,1.0772027591812452,0.9718647069325912,2,0.05767034393124895,-0.002586419140948
1.08,0.0609769203056015,1.0,-0.0024104739290205,csv_240.csv,1.0787245497843712,0.9713401137401666,2,0.05923506569425295,-0.0024488035466637
1.082,0.0625282277726991,1.0,-0.0021853519637347,csv_241.csv,1.080569049747368,0.970685240630378,2,0.060979698403305804,-0.00221418636152555
1.084,0.0636368713198731,1.0,-0.0023828841302877,csv_242.csv,1.0828602795937572,0.9699212638196916,2,0.06186408991277535,-0.002513507855412
1.086,0.0654369698566079,1.0,-0.0023555790383484,csv_243.csv,1.0850543872416414,0.9690385203953898,2,0.0640023554058976,-0.00255835469295345
1.088,0.0659625911073925,1.0,-0.0017574591717205,csv_244.csv,1.0864963408546764,0.9686788051869186,2,0.0650820485056702,-0.0020819489116748998
1.09,0.0685816054291495,1.0,-0.0025264843925188,csv_245.csv,1.0887414651040728,0.9679725584036378,2,0.06714092446371685,-0.0025094303155298
1.092,0.0692800013249174,1.0,-0.0023417009615612,csv_246.csv,1.0908121717614412,0.9672214545460768,2,0.06881526750606626,-0.0024073701559782
1.094,0.0713519825939,1.0,-0.0021695319769484,csv_247.csv,1.0933789907273406,0.9663841429135308,2,0.07061248958885091,-0.0021402055219513
1.096,0.0720608033395148,1.0,-0.0023839592294874,csv_248.csv,1.0953939835429654,0.9657244830554386,2,0.0714342795878469,-0.002308854846418
1.098,0.0746764321346917,1.0,-0.0024369886285537,csv_249.csv,1.0969814749890716,0.9651659948531756,2,0.07434745814252519,-0.00248023915544385
1.1,0.0757499436903692,1.0,-0.0024075849275274,csv_250.csv,1.0985907534655015,0.964584161278958,2,0.0757499436903692,-0.0024075849275274
1.0,-0.0105822463955801,1.0,-0.0023280601404352,csv_300.csv,0.9985586470567902,0.9996636813429138,3,-0.00529112319779005,-0.0011640300702176
1.0012,-0.007748560911535,1.0,-0.002815671837647,csv_301.csv,0.999926252116524,0.9992503472596058,3,-0.0038742804557675,-0.0014078359188235
1.0024,-0.0055765607464503,1.0,-0.0027930747992296,csv_302.csv,1.0010844814401003,0.9988247732721388,3,-0.005863617929761601,-0.0028285436009843
1.0036,-0.0062934799288468,1.0,-0.0021604555685139,csv_303.csv,1.0019103730462482,0.9984234559341356,3,-0.00568381463433995,-0.0023999607444423502
1.0048,-0.0035597519391997,1.0,-0.0022191934491402,csv_304.csv,1.003423542773032,0.9987861226784528,3,-0.00394239444663645,-0.00212269770942635
1.006,-0.001581552945159,1.0,-0.0023478213299843,csv_305.csv,1.0045478835687336,0.997440939566445,3,-0.0020077013270132,-0.00225080914538925
1.0072,-0.0011044690826857,1.0,-0.0025233303777253,csv_306.csv,1.0057080994490364,0.99762810802215,3,-0.0010160440405489,-0.00247605139377785
1.0084,0.0004630900715137,1.0,-0.0025321076723688,csv_307.csv,1.0066821947466291,0.9971726702970172,3,-0.0004989489302619501,-0.0026195780718564
1.0096,0.0020891774355163,1.0,-0.0022475581910734,csv_308.csv,1.0081579909210134,0.996630532052142,3,0.00085947443845445,-0.00231239464570745
1.0108,0.0026582521189196,1.0,-0.0023171491388065,csv_309.csv,1.0092438177400824,0.9961358072372845,3,0.0016201935909844001,-0.0022518607949015
1.012,0.0017257303540113,1.0,-0.0019145712499644,csv_310.csv,1.010450979831464,0.9955516151883674,3,0.0020123316948189502,-0.0020274038351637
1.0132,0.0034421848049897,1.0,-0.0024672996332384,csv_311.csv,1.011427661315083,0.9951685994192938,3,0.0031585603195248496,-0.00242825965865815
1.0144,0.0054151248616572,1.0,-0.0027751794691247,csv_312.csv,1.0128063654475172,0.99464122632441,3,0.0045806145641277,-0.00274535946717655
1.0156,0.0068960501642053,1.0,-0.0023975443231208,csv_313.csv,1.0139267515626416,0.9940501879784772,3,0.006096305485210901,-0.0024972823269723
1.0168,0.0080605490314162,1.0,-0.0023275001067233,csv_314.csv,1.0150739222970864,0.9936521287263858,3,0.0063838803665814,-0.00237574025197735
1.018,0.009950773350326,1.0,-0.0021789057825954,csv_315.csv,1.0160552153540392,0.9932725960056816,3,0.007870937406692001,-0.00209994682266745
1.0192,0.0099179268644538,1.0,-0.0025128312629596,csv_316.csv,1.0174416414640224,0.9928309014021124,3,0.008859312996067351,-0.00237733276163355
1.0204,0.0112949491812215,1.0,-0.002502386496293,csv_317.csv,1.0184937034760515,0.9923545030588276,3,0.01000974087365715,-0.00255139551541655
1.0216,0.0126724494767297,1.0,-0.0023764470531448,csv_318.csv,1.0198275786081987,0.9920014117161726,3,0.01116176938270015,-0.0024375467311148497
1.0228,0.0141187463263521,1.0,-0.0021810841206197,csv_319.csv,1.0208693519376408,0.9916445638376348,3,0.0128218782978059,-0.0023914810615836496
1.024,0.0150957598773518,1.0,-0.00234488604218,csv_320.csv,1.0223219313223126,0.991077348412814,3,0.0131818890945743,-0.0022933022167218
1.0252,0.0157913271661452,1.0,-0.0021966337463037,csv_321.csv,1.0234603614693336,0.9905624537537416,3,0.014829428360535149,-0.0022506036157758
1.0264,0.017117584123372,1.0,-0.0026023028557084,csv_322.csv,1.0242435611804508,0.9908100568485888,3,0.0157424594032855,-0.0024607073825931
1.0276,0.018465790389066,1.0,-0.0026457279984737,csv_323.csv,1.0256827443189018,0.9902462707964232,3,0.0168185113995707,-0.0026871061214645
1.0288,0.0190613400115482,1.0,-0.0020631217093828,csv_324.csv,1.0270672071512426,0.989651191963832,3,0.0173480340303083,-0.00217989646292025
1.03,0.0198555549795599,1.0,-0.0022773210861357,csv_325.csv,1.0283815691234126,0.989138114189016,3,0.0184461721493012,-0.00227004933805905
1.0312,0.0221118536233254,1.0,-0.002033183723321,csv_326.csv,1.0290765256833778,0.9889045595584276,3,0.02112267928474295,-0.0022089094277821
1.0324,0.0222224093680911,1.0,-0.0025437851262654,csv_327.csv,1.0305748258011973,0.988354169447132,3,0.02071501690049965,-0.00248498780911095
1.0336,0.0236370329523857,1.0,-0.0028994189785257,csv_328.csv,1.0318323129114209,0.98777912521283,3,0.02205174820665825,-0.0028134031646829503
1.0348,0.0240328694474684,1.0,-0.0024703900874713,csv_329.csv,1.0326273460044872,0.9875188748061088,3,0.0227147063592283,-0.00250686759362435
1.036,0.0256303162105694,1.0,-0.0021512903271458,csv_330.csv,1.0339275181178682,0.986974522970671,3,0.0246712047260957,-0.0022955825992029503
1.0372,0.0261446369125249,1.0,-0.0024432155167988,csv_331.csv,1.03534039593881,0.9865552222170926,3,0.024286385722963898,-0.0022822556053973
1.0384,0.0276880048493971,1.0,-0.002299050394158,csv_332.csv,1.0367181854742804,0.9860661304689426,3,0.0262454317627809,-0.0021879435680153
1.0396,0.0284751214641775,1.0,-0.0024762450606082,csv_333.csv,1.037317922471457,0.9857764758973752,3,0.02749791176152495,-0.0024660447224484497
1.0408,0.0302429692879304,1.0,-0.0027996590328877,csv_334.csv,1.0385211688906324,0.9852850869116108,3,0.02863989992071055,-0.00278433285832045
1.042,0.0300403452454064,1.0,-0.0024502914983018,csv_335.csv,1.0399307419113348,0.9848566633247692,3,0.0294312205757753,-0.0023348805509982497
1.0432,0.0317550776962795,1.0,-0.0022103178803817,csv_336.csv,1.0413059208659503,0.9843758765412844,3,0.03089519597742265,-0.0022583243563973
1.0444,0.0327790441378232,1.0,-0.0022527259504289,csv_337.csv,1.0419956408309274,0.9839462161404148,3,0.03110336000846775,-0.00217080239825055
1.0456,0.0338852693619528,1.0,-0.0026794407404973,csv_338.csv,1.043218250686803,0.983623480258756,3,0.0330799420031237,-0.0024867080352674502
1.0468,0.0333815556067437,1.0,-0.0028866969866561,csv_339.csv,1.04457395979889,0.983190236232793,3,0.032998897551235945,-0.0029489177436051502
1.048,0.0355830154134874,1.0,-0.0022863511469526,csv_340.csv,1.045988968137097,0.9826522602273832,3,0.03430938489940445,-0.002417610910364
1.0492,0.0361338092547591,1.0,-0.0023084589605182,csv_341.csv,1.0472755850961737,0.982292517075793,3,0.03574767027603215,-0.0022597712021126502
1.0504,0.0361432245340971,1.0,-0.0020648056728201,csv_342.csv,1.0479497515180582,0.9819959613219964,3,0.03584062033388525,-0.0020703133147041497
1.0516,0.036566746082531,1.0,-0.0024794683657502,csv_343.csv,1.0494007964868306,0.9814918491453384,3,0.0364993707567982,-0.00232193560317885
1.0528,0.0393874948822748,1.0,-0.0028582327444805,csv_344.csv,1.0508576841734727,0.9810469855759808,3,0.03886515435555775,-0.0026746081737329
1.054,0.0399774900526783,1.0,-0.0023948641617852,csv_345.csv,1.0522018774286086,0.9806507191002112,3,0.039826686940240996,-0.0024331133607944
1.0552,0.0411936430376208,1.0,-0.0021069188285628,csv_346.csv,1.0532529650200608,0.9801407719200732,3,0.0407113557101293,-0.0021252335862145004
1.0564,0.0412229817205579,1.0,-0.002079300890205,csv_347.csv,1.0543403759075414,0.9798042678413617,3,0.04124855276330534,-0.00207200414445505
1.0576,0.0433894588945889,1.0,-0.0025421210260928,csv_348.csv,1.0557561765515229,0.9794085574680852,3,0.04300862154454875,-0.00239192163982895
1.0588,0.0442143657547686,1.0,-0.0027259351254907,csv_349.csv,1.0569697607233173,0.978974959141402,3,0.0442687102158377,-0.00259110025031935
1.06,0.0452359088054481,1.0,-0.0026595421633677,csv_350.csv,1.0575006160952514,0.9786627210326562,3,0.0452359088054481,-0.0026595421633677
