# Xlam,PX,Ylam,PY,experiment_type
1.000400051981358,0.0014501842367951,1.0000709357523183,0.0,0.0
1.0036121208716189,0.0185239256180879,1.008889336295875,0.0015103989443359,0.0
1.006326819378506,0.0329515383817945,1.0171288199862427,0.0030394581648564,0.0
1.0087029111165653,0.0491179515388612,1.0249254520960294,0.0047780754379551,0.0
1.0108991597003418,0.066102713089259,1.0324152978978431,0.0053833684374104,0.0
1.013074328744383,0.0853869256096521,1.0397344226642946,0.0074152769258784,0.0
1.0155737143720074,0.1084088553780402,1.0473545799197534,0.0079867411757281,0.0
1.0184647794731045,0.1370367177991742,1.0547319592268676,0.0094930229793459,0.0
1.021321289102657,0.1680278238173971,1.0621877475866088,0.011551425682324,0.0
1.0246224427753252,0.2013769955469834,1.0697133033924318,0.0132663407726514,0.0
1.0279427894762336,0.2416338734473555,1.0771019321446778,0.016641308429891,0.0
1.0320277187902243,0.2835011614404681,1.084918854370495,0.0188199884679229,0.0
1.0360256612562542,0.3291902969548256,1.0927033877325985,0.0226085294814118,0.0
1.0402454275751865,0.380818880046139,1.1002565055632503,0.0267087907477162,0.0
1.0447085072048898,0.4355702845961933,1.107821574896175,0.0316497829350939,0.0
1.049790780687559,0.4994121013121604,1.1159244708904814,0.0367413833802203,0.0
1.0554654500299012,0.5650949749124079,1.1248259774047435,0.0428402309595393,0.0
1.0609467213591826,0.6299978067847357,1.1330255514237568,0.0500807447150101,0.0
1.0652794736291078,0.6979395380323378,1.1393862817159728,0.058777820320013,0.0
1.0680552878381102,0.7708791720171775,1.1431571709222885,0.0669914898638782,0.0
1.0686840093821286,0.7782388009538744,1.143736620291732,0.0677047641342001,0.0
1.0672958051514019,0.6175041979604436,1.140853993302771,0.0491518152141822,0.0
1.0636879697957693,0.4943209387347878,1.1349621064585176,0.0363147665720354,0.0
1.058878707517923,0.4013030333582773,1.1268320333767399,0.0282780229859673,0.0
1.0533730974784377,0.3201820972834339,1.1177216818004996,0.0204713470743806,0.0
1.048029335000194,0.2540863369210192,1.108895998833689,0.015870951209512,0.0
1.043380550038353,0.2027533451079723,1.1008660108248047,0.0114279624033562,0.0
1.039276446414318,0.1600294185788785,1.0929494630604335,0.0089937304878699,0.0
1.035631641094561,0.1233109658974189,1.0850869600008528,0.007469925155641,0.0
1.0323783625916214,0.0938285770674458,1.0772975628072445,0.0049924410798729,0.0
1.0292247995764863,0.0693880604831097,1.069188234381017,0.0036363657334052,0.0
1.0262172233647593,0.0476960391540263,1.0606598689595859,0.0025560078711065,0.0
1.0235988569463934,0.032554181367067,1.052590000884698,0.0018907949315656,0.0
1.0210323712680884,0.0225648199640703,1.0448491570253005,0.0012131414801542,0.0
1.018467881534357,0.0126258329686765,1.0376697632770155,0.0006717821401627,0.0
1.0156414388282122,0.0013764856827732,1.0304320966085416,0.0,0.0
1.0127198681297456,0.0,1.0229136670732024,0.0,0.0
1.0099111671956105,0.0,1.0160599136064072,0.0,0.0
1.0077314506689874,0.0,1.0108816822169977,0.0,0.0
1.0063372063435896,0.0,1.0076094941905986,0.0,0.0
1.0057930901500574,0.0,1.006164687340489,0.0,1.0
1.0065667600424966,0.0,1.0068523083968728,0.0,1.0
1.0083792654527561,0.0066763265955497,1.0100046404988439,0.0,1.0
1.0106874686438827,0.0244483595179895,1.0146572519362413,0.0008553490486885,1.0
1.013071433217712,0.039216627045902,1.0203077446728575,0.0025585925491245,1.0
1.0154616357716724,0.053121426999508,1.0259668914513964,0.0030109878553043,1.0
1.0181488901866156,0.071827813645686,1.0315465656273508,0.003620149730909,1.0
1.0208232367122934,0.0964374042266432,1.037701990554058,0.0052015012797186,1.0
1.023476375249418,0.1231341419469963,1.043578830395184,0.0067337260086596,1.0
1.0262905772702196,0.1529048805321026,1.0495657919551022,0.0070438624974485,1.0
1.0295009217241338,0.1898189106174155,1.05541317171051,0.0089042361011845,1.0
1.0334031403199684,0.2300145716887493,1.0614748189075702,0.0112018275914017,1.0
1.037707636878781,0.2735244576107686,1.0677968573716214,0.013157899627549,1.0
1.0421673105108973,0.3240043112318364,1.073667339794957,0.0161847357129033,1.0
1.046623919866884,0.3787444931069075,1.0796568524415158,0.0189514472200544,1.0
1.0515624283178413,0.4436730208533822,1.0861868275603768,0.023066249004275,1.0
1.0574169939920095,0.5106546869090882,1.0934117528122753,0.0278621091412305,1.0
1.0626952126804028,0.5764317154846464,1.0998609013012204,0.0328768283901326,1.0
1.0667939507479463,0.6463669374103491,1.1045895272949109,0.0383741168547588,1.0
1.0692095145452474,0.7244600897635921,1.1074407270109223,0.0447132144053981,1.0
1.0698758633967462,0.742960819178054,1.1076199290775084,0.0472084384559331,1.0
1.0685711026792446,0.5894612241144189,1.1053543844554872,0.0344556067409413,1.0
1.0652412222619274,0.473347935544491,1.1006002074235952,0.0255769184611579,1.0
1.060460155341038,0.384107416827173,1.0941116030819553,0.0190414362041434,1.0
1.0547859709549414,0.305748277833735,1.0869782577717082,0.0145038548074556,1.0
1.0494216839150323,0.239985363860358,1.0802846779369382,0.0106409890540516,1.0
1.0447605112429352,0.1896764173988878,1.0741286018532743,0.0080671228205016,1.0
1.0403199309505866,0.1480446896140085,1.0675244369206016,0.0061775753841282,1.0
1.0366791032213065,0.1131168101462914,1.0613153020361972,0.0041286233660655,1.0
1.0335562841378458,0.0852072129312967,1.0552272568944523,0.0036742225248141,1.0
1.030861798442926,0.0620863478977919,1.0492063479977665,0.0020904077948342,1.0
1.028463772431622,0.0414472027299056,1.0432083532492493,0.0011308962459372,1.0
1.0262732180739222,0.0287301360340089,1.0371526492873677,0.0009757761022988,1.0
1.0240466707872116,0.0185754409949812,1.031383044474502,0.0001867837049856,1.0
1.021591536122056,0.0076023870467766,1.0260813385308387,0.0,1.0
1.0188172662651298,0.0,1.02096728815933,0.0,1.0
1.015819838664581,0.0,1.0154508275585061,0.0,1.0
1.0128125962495584,0.0,1.0110166021519498,0.0,1.0
1.010670954390624,0.0,1.0085647109170024,0.0,1.0
1.0091491590176758,0.0,1.00818958935308,0.0,1.0
1.0086372290012096,0.0,1.0097938102243542,0.0,2.0
1.0094411509945327,0.0,1.0132889257004472,0.0,2.0
1.011080665296238,0.0,1.0186603204043212,0.0009106207868801,2.0
1.0129680683357805,0.0072383161899084,1.0253024576743128,0.0026183503431672,2.0
1.0148704505056236,0.020273645966383,1.032796997999533,0.0033536412533786,2.0
1.0165777245184047,0.0315402873121585,1.040073179541221,0.0049647252094079,2.0
1.0181013942146668,0.0416053750748133,1.0469843850228469,0.005953707397218,2.0
1.019540334641596,0.0523930644530057,1.0546282484926963,0.0074127708142275,2.0
1.0209988642988885,0.0659817282810751,1.0622925380999966,0.0081813669282323,2.0
1.0223950873057703,0.0825727748047419,1.0695944356013678,0.0099348261759928,2.0
1.0240802055953093,0.100505814034806,1.0767276080200618,0.011440385934368,2.0
1.0259541108619292,0.1217492996719383,1.0838900269855432,0.0130474197164457,2.0
1.0279122877251696,0.1456716000842408,1.0912567760458889,0.0156416051019391,2.0
1.0301449441019321,0.1735355402211814,1.0990358927273778,0.0172459059224445,2.0
1.0323713854108636,0.204015996757839,1.106709476421592,0.0204800460573426,2.0
1.0348682491088104,0.2365725161479991,1.1147913164560597,0.0234273857082239,2.0
1.0381605790118837,0.2713740862841765,1.1242149030854445,0.027186904999302,2.0
1.0415903322917373,0.3097599650016773,1.1328216317936222,0.0314681690644782,2.0
1.0441471064934282,0.3515167402165768,1.1389277186271778,0.0360045748356643,2.0
1.0458696025167862,0.3991633215942431,1.1422358476210634,0.041202951185634,2.0
1.0462408046434062,0.4210642358898436,1.1426083716625404,0.0433343050657397,2.0
1.0453007225204711,0.3391219421370732,1.1395689433165885,0.0322837238297042,2.0
1.0431857547386556,0.2714163740062083,1.13377018737197,0.024722946536188,2.0
1.0401774779085482,0.2173027520494764,1.12584207832244,0.0182410440302606,2.0
1.036684663324122,0.1747948758742772,1.1167106007063121,0.0149664344433939,2.0
1.0333958444256992,0.1393786545396343,1.1080352246714702,0.0122089020470036,2.0
1.0309118215631525,0.1089192945426856,1.10039264327663,0.0097800776979082,2.0
1.0287269769204628,0.0830960853648864,1.0926368707807153,0.0078862345826339,2.0
1.026550972747922,0.06146245933753,1.0845558538725724,0.0055175676756767,2.0
1.0247074209166003,0.044955762167238,1.0764882401202678,0.0047142929412487,2.0
1.0231730406402302,0.0333058400177324,1.068626182512827,0.0040876322908197,2.0
1.0220666420312452,0.0248021047578194,1.0606657336475553,0.0027912802983433,2.0
1.0208785543484407,0.0160295879795308,1.052953558686134,0.0011357680781965,2.0
1.0194878671638665,0.0075236058338566,1.0452536214983894,0.0008287431523774,2.0
1.0178021867830271,0.0,1.037985057675189,5.921129739507563e-05,2.0
1.015836824121778,0.0,1.0307603960444929,0.0,2.0
1.0135514858988426,0.0,1.023550433051767,0.0,2.0
1.0111740452734461,0.0,1.0174684490522135,0.0,2.0
1.0092089495107044,0.0,1.012317784509548,0.0,2.0
1.0084335595918548,0.0,1.0088780220962188,0.0,2.0
1.0087806480191799,0.0,1.0070310608266198,0.0,3.0
1.0102324925213462,0.0,1.0068684671131671,0.0,3.0
1.0122243173355927,0.0031924180538729,1.0081920931918331,0.0,3.0
1.0145221869909218,0.0216318151447484,1.010412417608371,0.0,3.0
1.0168809058742516,0.0359372920195902,1.0135088159977212,0.0,3.0
1.0193179366760052,0.0490544183026355,1.0167422591091868,0.0009159613865046,3.0
1.0214014794351858,0.0649451675897593,1.0201337604279965,0.001448807576311,3.0
1.0230102377662416,0.0874765907099504,1.0236855740379918,0.0016902549373322,3.0
1.0248673922017792,0.1137927021265557,1.0273372540648196,0.0022320525508935,3.0
1.0272187414475575,0.142348088528174,1.0314888447039712,0.0034517890617081,3.0
1.0300321349305293,0.1776644294138173,1.0353634671296352,0.0052091133681444,3.0
1.0333065630067855,0.2181050255700897,1.0393194359095763,0.0056604178335321,3.0
1.0367769456356775,0.2618999838085734,1.0432694472732102,0.0060448928276268,3.0
1.040952788544995,0.3103861871360205,1.0471559710621547,0.0090605913585223,3.0
1.0456207479666029,0.366142294502107,1.0513421059546968,0.0115439371236656,3.0
1.0508241954879711,0.4289846308827441,1.0555971590584974,0.014470766049818,3.0
1.056558416340721,0.4954055429559957,1.0605531366843142,0.0184089498037837,3.0
1.061927173833134,0.5602440853563962,1.0648485478531258,0.021223107623716,3.0
1.0660932926524231,0.6258583368983871,1.068331739447784,0.0258405883848754,3.0
1.0687021844712579,0.696955149688653,1.0705049137324925,0.0303894944331136,3.0
1.0694104299239828,0.7138816657207201,1.0705457016134958,0.0314478781342435,3.0
1.0680545628274412,0.5709012235110758,1.0689475065005987,0.0236005779100408,3.0
1.0647036827778305,0.4610729462510609,1.0657155842070702,0.0177577783601655,3.0
1.0600652393536396,0.3723397329762813,1.061182567431454,0.01269513936736,3.0
1.0545445795275912,0.2951306881066645,1.0560345530569857,0.0085179179797137,3.0
1.048988183277862,0.2327627530864445,1.0508678224983066,0.0069417599428095,3.0
1.0443104848604052,0.1826206457796237,1.0463076935422997,0.0045163994497087,3.0
1.0402349751762112,0.1419172393528605,1.041967499790587,0.0033361101910062,3.0
1.036661912635195,0.1086602892558043,1.0378217097410811,0.0023725823102913,3.0
1.0337901208844342,0.0805768654820619,1.0338665469613404,0.0010383096688109,3.0
1.0312883073537549,0.0567864639779017,1.0297690942757125,0.0009698478692987,3.0
1.0291622967878011,0.0376658061629252,1.0259437597054355,0.0,3.0
1.027340447445035,0.0268634121267485,1.0221609451866693,0.0,3.0
1.0253465509630861,0.0163127429067419,1.018535054338296,0.0,3.0
1.0229397135659517,0.0048175474099393,1.0152596546039627,0.0,3.0
1.020120740847807,0.0,1.0121166153846883,0.0,3.0
1.0171707881841443,0.0,1.0092428737579333,0.0,3.0
1.0145357327671614,0.0,1.007249505801123,0.0,3.0
1.0124787576422067,0.0,1.0062926793189126,0.0,4.0
1.011030936297726,0.0,1.0074751535718207,0.0,4.0
1.010124586694854,0.0,1.0102823429309966,0.0,4.0
1.010089143163374,0.0,1.014778421664751,0.0,4.0
1.0109461820055547,0.0,1.020700384618237,0.0006545147594332,4.0
1.012253857859383,0.0,1.0273918341560417,0.0018355051362638,4.0
1.0135399166456303,0.0005724826560217,1.0347507300005137,0.0034531138078487,4.0
1.0149190643773762,0.008981109099465,1.0422249426799823,0.0053823534033659,4.0
1.01618462251702,0.0178830303732982,1.0494757600974098,0.0055227375100467,4.0
1.017366483518661,0.0262337372896366,1.0570007121221419,0.0073398673243469,4.0
1.0182676894833207,0.0325112101150454,1.0642691026712783,0.0079836848869148,4.0
1.0191000293743382,0.0396391993066869,1.072231341377847,0.0091730741851028,4.0
1.0198983636436643,0.0463505962486333,1.0799190460966308,0.010587398899199,4.0
1.0209036577380317,0.0530538626889837,1.0878536932394678,0.012421939953193,4.0
1.0219949787781086,0.0627462373220026,1.0957521486628885,0.0129116105161651,4.0
1.0233442499706926,0.0717929565372776,1.103272816254185,0.0145011845076433,4.0
1.0245040857250791,0.0831842274333838,1.1105372934108173,0.015949479788191,4.0
1.025937375613888,0.095995706646519,1.118083280825251,0.0181313560543189,4.0
1.0274351248525444,0.1091892363094027,1.1265503117904725,0.0190531996341716,4.0
1.028687467339049,0.1269705626781508,1.1341575039177978,0.0219421934135307,4.0
1.0295350355797028,0.1430707663161857,1.1398486575294662,0.0247386619621049,4.0
1.0298633714123056,0.1608952777591573,1.1433171422136128,0.0274603714434503,4.0
1.0297109486035063,0.1707777596087328,1.1436573190921395,0.0281481606737146,4.0
1.0290110272707134,0.141790246296593,1.1410452812634957,0.0214908641943562,4.0
1.0278365904985403,0.1119883582177436,1.1355431119322337,0.0167417284445229,4.0
1.026575858539698,0.0922761279809806,1.128037612539711,0.0139249199364742,4.0
1.0250452452763201,0.0719138836334972,1.1191870355466327,0.0116084244455889,4.0
1.0238792466404512,0.0567133753429476,1.1105206484460721,0.0105735635652502,4.0
1.0228502694664465,0.0455371359710494,1.1026568714131608,0.0079028150756732,4.0
1.0219612176786537,0.0354153415088612,1.0941615422766247,0.0063811627249856,4.0
1.0211213127968892,0.0293291501694785,1.0864466554519363,0.0050947964340553,4.0
1.0204135876306777,0.0231521597578434,1.0785783251078367,0.0042272041862903,4.0
1.0197076189163252,0.0156334963716048,1.0708347205998212,0.0031071223556338,4.0
1.018871830924811,0.0098322003319455,1.0629875313705648,0.0015158563770511,4.0
1.0175909673713823,0.0013421777352112,1.0551170452051422,0.000756957170412,4.0
1.0163652932606628,0.0,1.0478888552664003,2.002975984554622e-05,4.0
1.0148368219118264,0.0,1.040848476764976,0.0,4.0
1.0132191391660648,0.0,1.033568163535484,0.0,4.0
1.0113655472821124,0.0,1.026247194500717,0.0,4.0
1.0098534287971872,0.0,1.0196010745612987,0.0,4.0
1.008776334808532,0.0,1.0141407033745895,0.0,4.0
1.0087810875633554,0.0,1.009615586395521,0.0,4.0
1.0096699595820533,0.0,1.0066041847566218,0.0,4.0
1.011304361255549,0.0,1.004767946857363,0.0,4.0
1.0132960500353845,0.0040148939167573,1.004544134140945,0.0,5.0
1.0158067697062623,0.0228391584329621,1.0055089758188354,0.0,5.0
1.0182662463637808,0.0378084097978359,1.0074683870370984,0.0,5.0
1.0207351422712134,0.051505479729637,1.0094397224752063,0.0,5.0
1.0227651500156787,0.0696739748162456,1.0115484683015992,0.0,5.0
1.0247220337857106,0.0920345001296078,1.0142793058470683,0.0,5.0
1.0263907887411232,0.1192755695862514,1.0169854513306522,0.0005181317974644,5.0
1.028558473643311,0.1499354895506766,1.0194802298131438,0.0006304887577997,5.0
1.031059936691408,0.1855801799080695,1.0219869121065124,0.0013317214468456,5.0
1.0342642990549036,0.2254007758055463,1.024356698364019,0.0030471033912019,5.0
1.0383216755129485,0.2691184005125754,1.027000029896058,0.0041090355868786,5.0
1.0427071782228596,0.3160892754951854,1.029463827988107,0.0059877831971596,5.0
1.0473407583336014,0.3660706290116444,1.0320114987437545,0.0082318384248268,5.0
1.0525611473662897,0.4235027729442639,1.0346005927071105,0.0076771035893494,5.0
1.058403744838102,0.485878288136806,1.0375297770265202,0.0107862148579468,5.0
1.0636667316161474,0.5495013261821082,1.0403078177796705,0.0147149836824671,5.0
1.0676249923677068,0.6148265782399098,1.0424560171393622,0.018178070157259,5.0
1.0699881356323349,0.6848330607960045,1.0436414121480415,0.021817847847415,5.0
1.0704185650129359,0.7036843657316395,1.0437537645714436,0.0230113814583523,5.0
1.068967764453203,0.566740478315636,1.042688296762228,0.0172598469682175,5.0
1.065825044053335,0.4559174002717592,1.0405953076751646,0.0127278241718957,5.0
1.0607848124926398,0.3662990419498823,1.0375270061662591,0.0095979274952433,5.0
1.0550093027981928,0.2887239965656569,1.0341317556702971,0.0061287056688093,5.0
1.049545594959149,0.2276013638020513,1.0308634490363193,0.0045777744911613,5.0
1.0450353683277114,0.1807246107042906,1.028033821895961,0.0026863162165701,5.0
1.0406752270330104,0.1413700385432541,1.025136587733994,0.0023139752285188,5.0
1.0371154767377024,0.1079782928269393,1.0222641979028644,0.0013598623171105,5.0
1.0342137739240829,0.0790153201888102,1.0196169611564039,0.0003533696751533,5.0
1.0319130538379833,0.0557688963874586,1.0169288991904828,0.0,5.0
1.0296814397121665,0.0373740615421765,1.0144730604263135,0.0,5.0
1.0278439907101806,0.0266974790874958,1.0121192339863232,0.0,5.0
1.0256058024957446,0.0155770788578363,1.009867911880372,0.0,5.0
1.0232416346503728,0.0043004885202394,1.0080484891142099,0.0,5.0
1.020578977526688,0.0,1.0064324200450847,0.0,5.0
1.0177677828583072,0.0,1.0052321756527332,0.0,5.0
1.0150301183087436,0.0,1.0043496830241363,0.0,5.0
1.0128966304722844,0.0,1.0048468915507929,0.0,5.0
1.0112463024399783,0.0,1.0066354522963663,0.0,5.0
1.0103549382019748,0.0,1.0103019699261608,0.0,5.0
1.0099105465779021,0.0,1.01550714936245,0.0,6.0
1.0101091039955856,0.0,1.0218666062639135,0.0006878005906978,6.0
1.010365839620145,0.0,1.029484846940136,0.0031668165312484,6.0
1.010751545450779,0.0,1.037179936701435,0.004530810697849,6.0
1.0111851769823983,0.0,1.0448584944899162,0.0056840102253528,6.0
1.0119241730919541,0.0,1.0520336855631316,0.0064818060020335,6.0
1.012663316777064,0.002491792803826,1.0589022574341973,0.0071955355267838,6.0
1.0137220865187275,0.0069051987257294,1.066639541351544,0.008929777225909,6.0
1.014577764943064,0.0133713573758443,1.074078822902366,0.00920505751276,6.0
1.0155522576770766,0.0178807238977431,1.0817984399040896,0.0110935638550821,6.0
1.0165326895717677,0.0220952839350673,1.0895224671261607,0.0124426612644857,6.0
1.0172701909783004,0.0287812675825234,1.0977183279821785,0.0136802719227672,6.0
1.0179382358162128,0.0315216164275927,1.1064548132732455,0.0146593504433202,6.0
1.0183920617990556,0.0361779804553875,1.1146247273728316,0.0163561471966501,6.0
1.01894444935182,0.040861375465315,1.1227973144124614,0.0175256213225707,6.0
1.0197826949148328,0.0439392303876256,1.1315059573359298,0.0192137547288251,6.0
1.0204448535998978,0.0498488957255556,1.1398742025821247,0.0203070578649964,6.0
1.020936225587772,0.0551519317028738,1.1463007109472203,0.0231267869611469,6.0
1.0211520575269695,0.0592928247337142,1.1499638713722222,0.0236757528887227,6.0
1.0211523170655203,0.0640832500241889,1.1502066713580743,0.0241444491016918,6.0
1.0209562562083834,0.052368508199964,1.1474874174496983,0.0193703548380021,6.0
1.0203217734443502,0.0449866647333383,1.1422173311464536,0.0152205883895987,6.0
1.0195420334253993,0.0367890036869845,1.1343401311643926,0.0128670112476262,6.0
1.018690933388539,0.030929609476027,1.1252695708447047,0.0117214058710214,6.0
1.0179509678945142,0.0275193050961354,1.116155705199313,0.0095040339899197,6.0
1.0174417874541777,0.0203724939172361,1.1081813500410507,0.0077991203861618,6.0
1.016861654831128,0.0161194793089342,1.1000057325960717,0.0070331499673195,6.0
1.0160637174763891,0.0111937938241474,1.0913705026769067,0.0054039342809394,6.0
1.0152951981022913,0.0039305217790495,1.0832399990793196,0.0041507793207459,6.0
1.014340611007494,0.0,1.0751410803767554,0.0025152559628837,6.0
1.0133011586386835,0.0,1.0676534602286565,0.0020165133163936,6.0
1.0123146954461195,0.0,1.0598586167705824,0.0017376943142697,6.0
1.0113576960448467,0.0,1.0522331958213638,0.000307367412996,6.0
1.0104887839435461,0.0,1.0445699239493136,0.0,6.0
1.0097474141681422,0.0,1.0368001625280394,0.0,6.0
1.0091730417445615,0.0,1.0288552729311502,0.0,6.0
1.0088051216987308,0.0,1.0206666165322558,0.0,6.0